[{"model": "auth.permission", "pk": 1, "fields": {"name": "Can add log entry", "content_type": 1, "codename": "add_logentry"}}, {"model": "auth.permission", "pk": 2, "fields": {"name": "Can change log entry", "content_type": 1, "codename": "change_logentry"}}, {"model": "auth.permission", "pk": 3, "fields": {"name": "Can delete log entry", "content_type": 1, "codename": "delete_logentry"}}, {"model": "auth.permission", "pk": 4, "fields": {"name": "Can view log entry", "content_type": 1, "codename": "view_logentry"}}, {"model": "auth.permission", "pk": 5, "fields": {"name": "Can add permission", "content_type": 2, "codename": "add_permission"}}, {"model": "auth.permission", "pk": 6, "fields": {"name": "Can change permission", "content_type": 2, "codename": "change_permission"}}, {"model": "auth.permission", "pk": 7, "fields": {"name": "Can delete permission", "content_type": 2, "codename": "delete_permission"}}, {"model": "auth.permission", "pk": 8, "fields": {"name": "Can view permission", "content_type": 2, "codename": "view_permission"}}, {"model": "auth.permission", "pk": 9, "fields": {"name": "Can add group", "content_type": 3, "codename": "add_group"}}, {"model": "auth.permission", "pk": 10, "fields": {"name": "Can change group", "content_type": 3, "codename": "change_group"}}, {"model": "auth.permission", "pk": 11, "fields": {"name": "Can delete group", "content_type": 3, "codename": "delete_group"}}, {"model": "auth.permission", "pk": 12, "fields": {"name": "Can view group", "content_type": 3, "codename": "view_group"}}, {"model": "auth.permission", "pk": 13, "fields": {"name": "Can add content type", "content_type": 4, "codename": "add_contenttype"}}, {"model": "auth.permission", "pk": 14, "fields": {"name": "Can change content type", "content_type": 4, "codename": "change_contenttype"}}, {"model": "auth.permission", "pk": 15, "fields": {"name": "Can delete content type", "content_type": 4, "codename": "delete_contenttype"}}, {"model": "auth.permission", "pk": 16, "fields": {"name": "Can view content type", "content_type": 4, "codename": "view_contenttype"}}, {"model": "auth.permission", "pk": 17, "fields": {"name": "Can add session", "content_type": 5, "codename": "add_session"}}, {"model": "auth.permission", "pk": 18, "fields": {"name": "Can change session", "content_type": 5, "codename": "change_session"}}, {"model": "auth.permission", "pk": 19, "fields": {"name": "Can delete session", "content_type": 5, "codename": "delete_session"}}, {"model": "auth.permission", "pk": 20, "fields": {"name": "Can view session", "content_type": 5, "codename": "view_session"}}, {"model": "auth.permission", "pk": 21, "fields": {"name": "Can add user", "content_type": 6, "codename": "add_myuser"}}, {"model": "auth.permission", "pk": 22, "fields": {"name": "Can change user", "content_type": 6, "codename": "change_myuser"}}, {"model": "auth.permission", "pk": 23, "fields": {"name": "Can delete user", "content_type": 6, "codename": "delete_myuser"}}, {"model": "auth.permission", "pk": 24, "fields": {"name": "Can view user", "content_type": 6, "codename": "view_myuser"}}, {"model": "auth.permission", "pk": 25, "fields": {"name": "Can add Pet seeker", "content_type": 7, "codename": "add_petseeker"}}, {"model": "auth.permission", "pk": 26, "fields": {"name": "Can change Pet seeker", "content_type": 7, "codename": "change_petseeker"}}, {"model": "auth.permission", "pk": 27, "fields": {"name": "Can delete Pet seeker", "content_type": 7, "codename": "delete_petseeker"}}, {"model": "auth.permission", "pk": 28, "fields": {"name": "Can view Pet seeker", "content_type": 7, "codename": "view_petseeker"}}, {"model": "auth.permission", "pk": 29, "fields": {"name": "Can add Pet shelter", "content_type": 8, "codename": "add_petshelter"}}, {"model": "auth.permission", "pk": 30, "fields": {"name": "Can change Pet shelter", "content_type": 8, "codename": "change_petshelter"}}, {"model": "auth.permission", "pk": 31, "fields": {"name": "Can delete Pet shelter", "content_type": 8, "codename": "delete_petshelter"}}, {"model": "auth.permission", "pk": 32, "fields": {"name": "Can view Pet shelter", "content_type": 8, "codename": "view_petshelter"}}, {"model": "auth.permission", "pk": 33, "fields": {"name": "Can add application", "content_type": 9, "codename": "add_application"}}, {"model": "auth.permission", "pk": 34, "fields": {"name": "Can change application", "content_type": 9, "codename": "change_application"}}, {"model": "auth.permission", "pk": 35, "fields": {"name": "Can delete application", "content_type": 9, "codename": "delete_application"}}, {"model": "auth.permission", "pk": 36, "fields": {"name": "Can view application", "content_type": 9, "codename": "view_application"}}, {"model": "auth.permission", "pk": 37, "fields": {"name": "Can add blog post", "content_type": 10, "codename": "add_blogpost"}}, {"model": "auth.permission", "pk": 38, "fields": {"name": "Can change blog post", "content_type": 10, "codename": "change_blogpost"}}, {"model": "auth.permission", "pk": 39, "fields": {"name": "Can delete blog post", "content_type": 10, "codename": "delete_blogpost"}}, {"model": "auth.permission", "pk": 40, "fields": {"name": "Can view blog post", "content_type": 10, "codename": "view_blogpost"}}, {"model": "auth.permission", "pk": 41, "fields": {"name": "Can add comment on shelter", "content_type": 11, "codename": "add_commentonshelter"}}, {"model": "auth.permission", "pk": 42, "fields": {"name": "Can change comment on shelter", "content_type": 11, "codename": "change_commentonshelter"}}, {"model": "auth.permission", "pk": 43, "fields": {"name": "Can delete comment on shelter", "content_type": 11, "codename": "delete_commentonshelter"}}, {"model": "auth.permission", "pk": 44, "fields": {"name": "Can view comment on shelter", "content_type": 11, "codename": "view_commentonshelter"}}, {"model": "auth.permission", "pk": 45, "fields": {"name": "Can add comment on application", "content_type": 12, "codename": "add_commentonapplication"}}, {"model": "auth.permission", "pk": 46, "fields": {"name": "Can change comment on application", "content_type": 12, "codename": "change_commentonapplication"}}, {"model": "auth.permission", "pk": 47, "fields": {"name": "Can delete comment on application", "content_type": 12, "codename": "delete_commentonapplication"}}, {"model": "auth.permission", "pk": 48, "fields": {"name": "Can view comment on application", "content_type": 12, "codename": "view_commentonapplication"}}, {"model": "auth.permission", "pk": 49, "fields": {"name": "Can add comment on blog post", "content_type": 13, "codename": "add_commentonblogpost"}}, {"model": "auth.permission", "pk": 50, "fields": {"name": "Can change comment on blog post", "content_type": 13, "codename": "change_commentonblogpost"}}, {"model": "auth.permission", "pk": 51, "fields": {"name": "Can delete comment on blog post", "content_type": 13, "codename": "delete_commentonblogpost"}}, {"model": "auth.permission", "pk": 52, "fields": {"name": "Can view comment on blog post", "content_type": 13, "codename": "view_commentonblogpost"}}, {"model": "auth.permission", "pk": 53, "fields": {"name": "Can add notification", "content_type": 14, "codename": "add_notification"}}, {"model": "auth.permission", "pk": 54, "fields": {"name": "Can change notification", "content_type": 14, "codename": "change_notification"}}, {"model": "auth.permission", "pk": 55, "fields": {"name": "Can delete notification", "content_type": 14, "codename": "delete_notification"}}, {"model": "auth.permission", "pk": 56, "fields": {"name": "Can view notification", "content_type": 14, "codename": "view_notification"}}, {"model": "auth.permission", "pk": 57, "fields": {"name": "Can add pet", "content_type": 15, "codename": "add_pet"}}, {"model": "auth.permission", "pk": 58, "fields": {"name": "Can change pet", "content_type": 15, "codename": "change_pet"}}, {"model": "auth.permission", "pk": 59, "fields": {"name": "Can delete pet", "content_type": 15, "codename": "delete_pet"}}, {"model": "auth.permission", "pk": 60, "fields": {"name": "Can view pet", "content_type": 15, "codename": "view_pet"}}, {"model": "contenttypes.contenttype", "pk": 1, "fields": {"app_label": "admin", "model": "logentry"}}, {"model": "contenttypes.contenttype", "pk": 2, "fields": {"app_label": "auth", "model": "permission"}}, {"model": "contenttypes.contenttype", "pk": 3, "fields": {"app_label": "auth", "model": "group"}}, {"model": "contenttypes.contenttype", "pk": 4, "fields": {"app_label": "contenttypes", "model": "contenttype"}}, {"model": "contenttypes.contenttype", "pk": 5, "fields": {"app_label": "sessions", "model": "session"}}, {"model": "contenttypes.contenttype", "pk": 6, "fields": {"app_label": "accounts", "model": "myuser"}}, {"model": "contenttypes.contenttype", "pk": 7, "fields": {"app_label": "accounts", "model": "petseeker"}}, {"model": "contenttypes.contenttype", "pk": 8, "fields": {"app_label": "accounts", "model": "petshelter"}}, {"model": "contenttypes.contenttype", "pk": 9, "fields": {"app_label": "applications", "model": "application"}}, {"model": "contenttypes.contenttype", "pk": 10, "fields": {"app_label": "blogs", "model": "blogpost"}}, {"model": "contenttypes.contenttype", "pk": 11, "fields": {"app_label": "comments", "model": "commentonshelter"}}, {"model": "contenttypes.contenttype", "pk": 12, "fields": {"app_label": "comments", "model": "commentonapplication"}}, {"model": "contenttypes.contenttype", "pk": 13, "fields": {"app_label": "comments", "model": "commentonblogpost"}}, {"model": "contenttypes.contenttype", "pk": 14, "fields": {"app_label": "notifications", "model": "notification"}}, {"model": "contenttypes.contenttype", "pk": 15, "fields": {"app_label": "petlistings", "model": "pet"}}, {"model": "accounts.myuser", "pk": 1, "fields": {"password": "pbkdf2_sha256$600000$6Y86LFlN3ykVWuXDR9WJ0f$G00j2jyky4jwjEdLzwqFns58+r9VVs/d2S2wviXaqt4=", "last_login": null, "is_superuser": false, "username": "petshelter", "is_staff": false, "is_active": true, "date_joined": "2023-12-09T18:25:14.904Z", "email": "petshelter@gmail.com", "first_name": "petshelter", "last_name": "1", "phone_number": "", "address": "", "city": "", "province": "", "postal_code": "", "user_avatar": "", "receive_communications": null, "receive_news": null, "is_shelter": true, "is_seeker": false, "groups": [], "user_permissions": []}}, {"model": "accounts.myuser", "pk": 3, "fields": {"password": "pbkdf2_sha256$600000$gBNXY4HxKhky7O07P74AfV$8BXUy7N934MGtyjWSabC8dgCr3GVtsXx7q50bw44Ves=", "last_login": null, "is_superuser": false, "username": "petseeker", "is_staff": false, "is_active": true, "date_joined": "2023-12-09T18:56:54.254Z", "email": "petseeker@gmail.com", "first_name": "petseeker", "last_name": "1", "phone_number": "", "address": "", "city": "", "province": "", "postal_code": "", "user_avatar": "", "receive_communications": null, "receive_news": null, "is_shelter": false, "is_seeker": true, "groups": [], "user_permissions": []}}, {"model": "accounts.myuser", "pk": 4, "fields": {"password": "pbkdf2_sha256$600000$6znHzShEpOYqyYM84PynyE$jKz3QoKNbr70AFpE+bcLVRvOVQbmEpdTj8NdOpONB5A=", "last_login": null, "is_superuser": false, "username": "petshelter2", "is_staff": false, "is_active": true, "date_joined": "2023-12-09T19:02:52.061Z", "email": "petshelter2@gmail.com", "first_name": "petshelter", "last_name": "2", "phone_number": "", "address": "", "city": "", "province": "", "postal_code": "", "user_avatar": "", "receive_communications": null, "receive_news": null, "is_shelter": true, "is_seeker": false, "groups": [], "user_permissions": []}}, {"model": "accounts.myuser", "pk": 5, "fields": {"password": "pbkdf2_sha256$600000$JzGnRudT2JulbCh2hQCHsR$ZiKj3h88RHjXmQ7Tkv+wL9vK65KrNx7BuznQ9xM6RiU=", "last_login": null, "is_superuser": false, "username": "petseeker2", "is_staff": false, "is_active": true, "date_joined": "2023-12-09T19:28:28.990Z", "email": "petseeker2@gmail.com", "first_name": "petseeker", "last_name": "2", "phone_number": "", "address": "", "city": "", "province": "", "postal_code": "", "user_avatar": "", "receive_communications": null, "receive_news": null, "is_shelter": false, "is_seeker": true, "groups": [], "user_permissions": []}}, {"model": "accounts.myuser", "pk": 6, "fields": {"password": "pbkdf2_sha256$600000$mBOEXnbUniFgEwx8qa844h$u/qTvkBUpe2lcbVAPuBynkiTn8lrpzXoHSPDNAtsods=", "last_login": null, "is_superuser": false, "username": "petshelter3", "is_staff": false, "is_active": true, "date_joined": "2023-12-09T19:49:50.167Z", "email": "petshelter3@gmail.com", "first_name": "petshelter", "last_name": "3", "phone_number": "", "address": "", "city": "", "province": "", "postal_code": "", "user_avatar": "", "receive_communications": null, "receive_news": null, "is_shelter": true, "is_seeker": false, "groups": [], "user_permissions": []}}, {"model": "accounts.petseeker", "pk": 3, "fields": {}}, {"model": "accounts.petseeker", "pk": 5, "fields": {}}, {"model": "accounts.petshelter", "pk": 1, "fields": {"shelter_name": "petshelter", "shelter_avatar": "", "mission_statement": ""}}, {"model": "accounts.petshelter", "pk": 4, "fields": {"shelter_name": "petshelter2", "shelter_avatar": "", "mission_statement": ""}}, {"model": "accounts.petshelter", "pk": 6, "fields": {"shelter_name": "petshelter3", "shelter_avatar": "", "mission_statement": ""}}, {"model": "applications.application", "pk": 1, "fields": {"shelter": 1, "applicant": 3, "self_desc": "hello im a petseeker", "exp_pets": "not much", "diff_owners": "nothing", "food_check": true, "water_check": true, "shelter_check": true, "animal": 1, "update_time": "2023-12-09T18:57:41.110Z", "creation_time": "2023-12-09T18:57:41.110Z", "status": "pending"}}, {"model": "applications.application", "pk": 2, "fields": {"shelter": 1, "applicant": 3, "self_desc": "hi", "exp_pets": "hi", "diff_owners": "hi", "food_check": true, "water_check": true, "shelter_check": true, "animal": 2, "update_time": "2023-12-09T18:57:52.769Z", "creation_time": "2023-12-09T18:57:52.769Z", "status": "pending"}}, {"model": "applications.application", "pk": 3, "fields": {"shelter": 1, "applicant": 3, "self_desc": "hi", "exp_pets": "hi", "diff_owners": "hi", "food_check": true, "water_check": true, "shelter_check": true, "animal": 3, "update_time": "2023-12-09T18:58:00.923Z", "creation_time": "2023-12-09T18:58:00.923Z", "status": "pending"}}, {"model": "applications.application", "pk": 4, "fields": {"shelter": 1, "applicant": 3, "self_desc": "hi", "exp_pets": "hi", "diff_owners": "hi", "food_check": true, "water_check": true, "shelter_check": true, "animal": 4, "update_time": "2023-12-09T18:58:11.884Z", "creation_time": "2023-12-09T18:58:11.884Z", "status": "pending"}}, {"model": "applications.application", "pk": 5, "fields": {"shelter": 1, "applicant": 3, "self_desc": "hi", "exp_pets": "hi", "diff_owners": "hi", "food_check": true, "water_check": true, "shelter_check": true, "animal": 5, "update_time": "2023-12-09T18:58:20.989Z", "creation_time": "2023-12-09T18:58:20.989Z", "status": "pending"}}, {"model": "applications.application", "pk": 6, "fields": {"shelter": 1, "applicant": 3, "self_desc": "hi", "exp_pets": "hi", "diff_owners": "hi", "food_check": true, "water_check": true, "shelter_check": true, "animal": 6, "update_time": "2023-12-09T18:58:31.231Z", "creation_time": "2023-12-09T18:58:31.231Z", "status": "pending"}}, {"model": "applications.application", "pk": 7, "fields": {"shelter": 1, "applicant": 3, "self_desc": "hi", "exp_pets": "hi", "diff_owners": "hi", "food_check": true, "water_check": true, "shelter_check": true, "animal": 7, "update_time": "2023-12-09T18:58:42.040Z", "creation_time": "2023-12-09T18:58:42.040Z", "status": "pending"}}, {"model": "applications.application", "pk": 8, "fields": {"shelter": 1, "applicant": 3, "self_desc": "hi", "exp_pets": "hi", "diff_owners": "hi", "food_check": true, "water_check": true, "shelter_check": true, "animal": 8, "update_time": "2023-12-09T18:58:51.028Z", "creation_time": "2023-12-09T18:58:51.028Z", "status": "pending"}}, {"model": "applications.application", "pk": 9, "fields": {"shelter": 1, "applicant": 3, "self_desc": "hi", "exp_pets": "hi", "diff_owners": "hi", "food_check": true, "water_check": true, "shelter_check": true, "animal": 9, "update_time": "2023-12-09T18:59:09.726Z", "creation_time": "2023-12-09T18:59:09.726Z", "status": "pending"}}, {"model": "applications.application", "pk": 10, "fields": {"shelter": 1, "applicant": 3, "self_desc": "hi", "exp_pets": "hi", "diff_owners": "hi", "food_check": true, "water_check": true, "shelter_check": true, "animal": 10, "update_time": "2023-12-09T18:59:30.256Z", "creation_time": "2023-12-09T18:59:30.256Z", "status": "pending"}}, {"model": "applications.application", "pk": 11, "fields": {"shelter": 1, "applicant": 3, "self_desc": "hi", "exp_pets": "hi", "diff_owners": "hi", "food_check": true, "water_check": true, "shelter_check": true, "animal": 11, "update_time": "2023-12-09T19:01:43.423Z", "creation_time": "2023-12-09T19:01:43.423Z", "status": "pending"}}, {"model": "applications.application", "pk": 12, "fields": {"shelter": 4, "applicant": 3, "self_desc": "hello", "exp_pets": "none", "diff_owners": "i'm him", "food_check": true, "water_check": true, "shelter_check": true, "animal": 18, "update_time": "2023-12-09T19:28:03.536Z", "creation_time": "2023-12-09T19:28:03.536Z", "status": "pending"}}, {"model": "applications.application", "pk": 13, "fields": {"shelter": 1, "applicant": 5, "self_desc": "i want", "exp_pets": "I WANT", "diff_owners": "IIII WAAAAAAAAAAAAAAAAANNNNNNNNTTTTTTTTTTTTT", "food_check": true, "water_check": true, "shelter_check": true, "animal": 10, "update_time": "2023-12-09T19:41:59.220Z", "creation_time": "2023-12-09T19:28:47.230Z", "status": "rejected"}}, {"model": "blogs.blogpost", "pk": 1, "fields": {"image": "blogs/download_3.jpg", "title": "Hello, this is my first blog!!", "content": "How's it goin' guys?", "poster": 1, "creation_time": "2023-12-09T14:36:59.702Z", "update_time": "2023-12-09T14:36:59.702Z"}}, {"model": "comments.commentonshelter", "pk": 1, "fields": {"content": "hey there shelter2", "commenter": 5, "commenter_name": null, "creation_time": "2023-12-09T14:45:10.166Z", "pet_shelter": 4, "pet_shelter_name": "petshelter2", "rating": 2}}, {"model": "comments.commentonapplication", "pk": 1, "fields": {"content": "I WANT PLS GIVE PET I TAKE CARE", "commenter": 5, "commenter_name": null, "creation_time": "2023-12-09T14:29:01.438Z", "application": 13, "pet_seeker_name": "petseeker2", "pet_shelter_name": "petshelter"}}, {"model": "comments.commentonapplication", "pk": 2, "fields": {"content": "no", "commenter": 1, "commenter_name": null, "creation_time": "2023-12-09T14:29:48.668Z", "application": 13, "pet_seeker_name": "petseeker2", "pet_shelter_name": "petshelter"}}, {"model": "comments.commentonapplication", "pk": 3, "fields": {"content": "i... said... NO!!", "commenter": 5, "commenter_name": null, "creation_time": "2023-12-09T14:41:59.215Z", "application": 13, "pet_seeker_name": "petseeker2", "pet_shelter_name": "petshelter"}}, {"model": "comments.commentonblogpost", "pk": 1, "fields": {"content": "Really excited about this feature.", "commenter": 1, "commenter_name": null, "creation_time": "2023-12-09T14:37:09.631Z", "blog_post": 1}}, {"model": "comments.commentonblogpost", "pk": 2, "fields": {"content": "Awesome! Love the pic. This is revolutionary.", "commenter": 3, "commenter_name": null, "creation_time": "2023-12-09T14:37:46.430Z", "blog_post": 1}}, {"model": "notifications.notification", "pk": 1, "fields": {"message": "petseeker submitted an application for Luna!", "creation_time": "2023-12-09T18:57:41.127Z", "is_read": false, "recipient": 1, "application": 1, "comment_on_shelter": null, "comment_on_application": null}}, {"model": "notifications.notification", "pk": 2, "fields": {"message": "petseeker submitted an application for Milo!", "creation_time": "2023-12-09T18:57:52.792Z", "is_read": false, "recipient": 1, "application": 2, "comment_on_shelter": null, "comment_on_application": null}}, {"model": "notifications.notification", "pk": 3, "fields": {"message": "petseeker submitted an application for Bella!", "creation_time": "2023-12-09T18:58:00.943Z", "is_read": false, "recipient": 1, "application": 3, "comment_on_shelter": null, "comment_on_application": null}}, {"model": "notifications.notification", "pk": 4, "fields": {"message": "petseeker submitted an application for Rocky!", "creation_time": "2023-12-09T18:58:11.898Z", "is_read": false, "recipient": 1, "application": 4, "comment_on_shelter": null, "comment_on_application": null}}, {"model": "notifications.notification", "pk": 5, "fields": {"message": "petseeker submitted an application for Whiskers!", "creation_time": "2023-12-09T18:58:21.008Z", "is_read": false, "recipient": 1, "application": 5, "comment_on_shelter": null, "comment_on_application": null}}, {"model": "notifications.notification", "pk": 6, "fields": {"message": "petseeker submitted an application for Simba!", "creation_time": "2023-12-09T18:58:31.246Z", "is_read": false, "recipient": 1, "application": 6, "comment_on_shelter": null, "comment_on_application": null}}, {"model": "notifications.notification", "pk": 7, "fields": {"message": "petseeker submitted an application for Daisy!", "creation_time": "2023-12-09T18:58:42.060Z", "is_read": false, "recipient": 1, "application": 7, "comment_on_shelter": null, "comment_on_application": null}}, {"model": "notifications.notification", "pk": 8, "fields": {"message": "petseeker submitted an application for Max!", "creation_time": "2023-12-09T18:58:51.047Z", "is_read": false, "recipient": 1, "application": 8, "comment_on_shelter": null, "comment_on_application": null}}, {"model": "notifications.notification", "pk": 9, "fields": {"message": "petseeker submitted an application for Nala!", "creation_time": "2023-12-09T18:59:09.740Z", "is_read": false, "recipient": 1, "application": 9, "comment_on_shelter": null, "comment_on_application": null}}, {"model": "notifications.notification", "pk": 10, "fields": {"message": "petseeker submitted an application for The Enlightened One!", "creation_time": "2023-12-09T18:59:30.269Z", "is_read": false, "recipient": 1, "application": 10, "comment_on_shelter": null, "comment_on_application": null}}, {"model": "notifications.notification", "pk": 11, "fields": {"message": "petseeker submitted an application for Nimbus!", "creation_time": "2023-12-09T19:01:43.443Z", "is_read": false, "recipient": 1, "application": 11, "comment_on_shelter": null, "comment_on_application": null}}, {"model": "notifications.notification", "pk": 12, "fields": {"message": "petseeker submitted an application for Whiskey!", "creation_time": "2023-12-09T19:28:03.557Z", "is_read": false, "recipient": 4, "application": 12, "comment_on_shelter": null, "comment_on_application": null}}, {"model": "notifications.notification", "pk": 13, "fields": {"message": "petseeker2 submitted an application for The Enlightened One!", "creation_time": "2023-12-09T19:28:47.243Z", "is_read": false, "recipient": 1, "application": 13, "comment_on_shelter": null, "comment_on_application": null}}, {"model": "notifications.notification", "pk": 14, "fields": {"message": "no", "creation_time": "2023-12-09T19:29:48.689Z", "is_read": true, "recipient": 5, "application": null, "comment_on_shelter": null, "comment_on_application": 2}}, {"model": "notifications.notification", "pk": 15, "fields": {"message": "hey there shelter2", "creation_time": "2023-12-09T19:45:10.187Z", "is_read": false, "recipient": 4, "application": null, "comment_on_shelter": 1, "comment_on_application": null}}, {"model": "petlistings.pet", "pk": 1, "fields": {"name": "Luna", "age": 2, "breed": "Siberian Husky", "gender": "Female", "description": "Luna is a playful and energetic Siberian Husky with striking blue eyes. She loves outdoor adventures and has a friendly disposition, making her a great companion for active individuals or families. Luna is known for her intelligence and sometimes mischievous behavior, but her loyalty and affectionate nature make her a beloved member of the family.", "publication_date": "2023-12-09T18:34:10.365Z", "color": "Black and white with distinctive facial markings", "size": "20", "image": "images/1510512_800.jpg", "status": "available", "shelter": 1}}, {"model": "petlistings.pet", "pk": 2, "fields": {"name": "Milo", "age": 4, "breed": "Golden Retriever", "gender": "Male", "description": "Milo is a gentle and friendly Golden Retriever with a heartwarming smile. Known for his calm demeanor, he enjoys playing fetch and spending quality time with his human friends. Milo's soft, golden fur and soulful eyes make him an endearing companion for both adults and children alike.", "publication_date": "2023-12-09T18:35:58.303Z", "color": "Golden", "size": "30", "image": "images/81.jpg", "status": "available", "shelter": 1}}, {"model": "petlistings.pet", "pk": 3, "fields": {"name": "Bella", "age": 2, "breed": "Ragdoll Cat", "gender": "Female", "description": "Bella is a graceful and affectionate Ragdoll cat. With her striking blue eyes and semi-longhair coat, she captivates everyone around her. Bella is known for her relaxed nature and enjoys lounging in comfortable spots around the house. She's the perfect feline friend for those seeking a loving and laid-back companion.", "publication_date": "2023-12-09T18:36:42.374Z", "color": "Seal-point (brown and cream)", "size": "5", "image": "images/Ragdoll.jpg", "status": "available", "shelter": 1}}, {"model": "petlistings.pet", "pk": 4, "fields": {"name": "Rocky", "age": 3, "breed": "Boxer", "gender": "Male", "description": "Rocky is a spirited and energetic Boxer with a playful personality. He loves running, jumping, and engaging in activities that keep him on the move. Despite his high energy, Rocky is also a sweet and affectionate dog who forms strong bonds with his family. His short coat and strong build highlight his athletic nature.", "publication_date": "2023-12-09T18:37:49.664Z", "color": "Fawn with white markings", "size": "28", "image": "images/1dde50d9ee9332f68d8e95468c8e383b.jpg", "status": "available", "shelter": 1}}, {"model": "petlistings.pet", "pk": 5, "fields": {"name": "Whiskers", "age": 1, "breed": "Netherland Dwarf Rabbit", "gender": "Female", "description": "Whiskers is an adorable and tiny Netherland Dwarf Rabbit with soft, velvety fur. Despite her small size, she's full of energy and curiosity, exploring her surroundings with enthusiasm. Whiskers is known for her expressive whiskers and gentle nature, making her an ideal companion for those looking for a charming and low-maintenance pet.", "publication_date": "2023-12-09T18:38:49.494Z", "color": "Agouti (brown and tan)", "size": "1", "image": "images/download_1.jpg", "status": "available", "shelter": 1}}, {"model": "petlistings.pet", "pk": 6, "fields": {"name": "Simba", "age": 5, "breed": "Maine Coon", "gender": "Male", "description": "Simba is a majestic Maine Coon cat with a luxurious and fluffy coat. With tufted ears and a bushy tail, he exudes a regal presence. Simba is known for his friendly and sociable nature, often seeking attention and affection from his human companions. His large size and striking appearance make him a standout feline companion.", "publication_date": "2023-12-09T18:39:51.831Z", "color": "Tabby (orange and brown)", "size": "7", "image": "images/funny-cats-maine-coon-40-5c7f9c53cd3f8__700.jpg", "status": "available", "shelter": 1}}, {"model": "petlistings.pet", "pk": 7, "fields": {"name": "Daisy", "age": 2, "breed": "Shih Tzu", "gender": "Female", "description": "Daisy is a charming and affectionate Shih Tzu with a fluffy coat and a distinctive pushed-in face. She's known for her sweet and gentle temperament, making her an ideal lapdog and a delightful companion. Daisy enjoys short walks, cuddling on the couch, and spreading joy with her playful antics.", "publication_date": "2023-12-09T18:40:56.839Z", "color": "White and golden", "size": "6", "image": "images/shih-tzu-smile.jpg", "status": "available", "shelter": 1}}, {"model": "petlistings.pet", "pk": 8, "fields": {"name": "Max", "age": 3, "breed": "Australian Shepherd", "gender": "Male", "description": "Max is a highly intelligent and energetic Australian Shepherd with a striking merle coat and bright, expressive eyes. He excels in agility and loves outdoor activities, making him a perfect match for an active lifestyle. Max is not only a loyal friend but also a quick learner, always eager to please his human companions.", "publication_date": "2023-12-09T18:42:02.134Z", "color": "Blue Merle", "size": "20", "image": "images/miniatureAustralianshepherdstandingonafencedinpatio-min.jpg", "status": "available", "shelter": 1}}, {"model": "petlistings.pet", "pk": 9, "fields": {"name": "Nala", "age": 1, "breed": "Bengal Cat", "gender": "Female", "description": "Nala is a playful and adventurous Bengal cat with a sleek and spotted coat reminiscent of a wild leopard. Known for her curiosity and athleticism, Nala loves climbing and exploring her surroundings. Despite her spirited nature, she has a loving disposition and enjoys snuggling up with her favorite humans.", "publication_date": "2023-12-09T18:42:51.323Z", "color": "Spotted Rosetted (brown and black)", "size": "4", "image": "images/bengal-cat-facts.jpg", "status": "available", "shelter": 1}}, {"model": "petlistings.pet", "pk": 10, "fields": {"name": "The Enlightened One", "age": 1212390842109831, "breed": "Satoru", "gender": "Male", "description": "Despite his confident exterior, The Enlightened One is a sweet and affectionate companion, with a penchant for cuddling and purring contentedly in the laps of those he deems worthy of his attention. His regal presence and dynamic personality make him a captivating and unforgettable feline, a true embodiment of the legendary Gojo Satoru in cat form.", "publication_date": "2023-12-09T18:44:49.375Z", "color": "White", "size": "1", "image": "images/61tMSlTsDnL._AC_UF350350_QL80_.jpg", "status": "available", "shelter": 1}}, {"model": "petlistings.pet", "pk": 11, "fields": {"name": "Nimbus", "age": 3, "breed": "Border Collie", "gender": "Male", "description": "Nimbus is a highly intelligent and agile Border Collie with a soft, tricolored coat. Known for his remarkable problem-solving skills, he loves engaging in mentally stimulating activities and learning new tricks. Nimbus is not only a loyal companion but also a natural herder, showcasing his instincts with grace and precision.", "publication_date": "2023-12-09T18:46:57.441Z", "color": "Black, white, and brown", "size": "18", "image": "images/border-collie-min-1024x681.jpg", "status": "available", "shelter": 1}}, {"model": "petlistings.pet", "pk": 12, "fields": {"name": "Thor", "age": 2, "breed": "Great Dane", "gender": "Male", "description": "Thor is a majestic Great Dane with a towering presence and a gentle heart. With a sleek and shiny black coat and soulful eyes, he captures attention wherever he goes. Despite his imposing size, Thor is a friendly giant who adores belly rubs and leisurely strolls, making him a lovable and affectionate companion.", "publication_date": "2023-12-09T19:04:02.503Z", "color": "Black", "size": "70", "image": "images/images.jpg", "status": "available", "shelter": 4}}, {"model": "petlistings.pet", "pk": 13, "fields": {"name": "Peaches", "age": 2, "breed": "Holland Lop Rabbit", "gender": "Female", "description": "Peaches is an adorable Holland Lop rabbit with soft, floppy ears and a velvety coat. With a sweet and docile nature, she enjoys hopping around and nibbling on fresh greens. Peaches' charming personality and small size make her a delightful addition to any family seeking a cute and cuddly pet.", "publication_date": "2023-12-09T19:20:14.912Z", "color": "Orange and white", "size": "2", "image": "images/holland-lop-Metairie-LA.jpg", "status": "available", "shelter": 4}}, {"model": "petlistings.pet", "pk": 14, "fields": {"name": "Blaze", "age": 4, "breed": "Australian Cattle Dog", "gender": "Male", "description": "Blaze is a highly energetic and loyal Australian Cattle Dog with a striking blue speckled coat. Known for his agility and love for outdoor activities, he's the perfect companion for an active lifestyle. Blaze is intelligent and thrives on mental stimulation, making him a great partner for those who enjoy training and exploring the great outdoors.", "publication_date": "2023-12-09T19:20:49.203Z", "color": "Blue speckled", "size": "25", "image": "images/australian-cattle-dog-1000501490-5bc4d493c9e77c005151358a.jpg", "status": "available", "shelter": 4}}, {"model": "petlistings.pet", "pk": 15, "fields": {"name": "Mochi", "age": 2, "breed": "Ragamuffin Cat", "gender": "Female", "description": "Mochi is a fluffy and affectionate Ragamuffin cat with a luxurious, multicolored coat. With big, expressive eyes and a sweet disposition, she captures the hearts of everyone she meets. Mochi loves snuggling on laps, playing with feather toys, and being the center of attention, making her a delightful and charming companion.", "publication_date": "2023-12-09T19:21:21.431Z", "color": "Calico", "size": "5", "image": "images/download_2.jpg", "status": "available", "shelter": 4}}, {"model": "petlistings.pet", "pk": 16, "fields": {"name": "Twixie", "age": 2, "breed": "Havana Brown Cat", "gender": "Female", "description": "Twixie is a sleek and chocolate-brown Havana Brown cat with captivating green eyes. Known for her playful and curious personality, she loves exploring every nook and cranny of her environment. Twixie is affectionate and enjoys cuddling with her human friends, adding a touch of elegance to any household.", "publication_date": "2023-12-09T19:22:14.343Z", "color": "Chocolate brown", "size": "3", "image": "images/gettyimages-1253996764.jpg", "status": "available", "shelter": 4}}, {"model": "petlistings.pet", "pk": 17, "fields": {"name": "Bolt", "age": 1, "breed": "Dalmatian", "gender": "Male", "description": "Bolt is a high-spirited and fun-loving Dalmatian with a distinctive black and white spotted coat. Known for his boundless energy and love for playtime, he's always ready for a game of fetch or a brisk run in the park. Bolt's friendly nature and iconic spots make him a charismatic and joyful companion for those seeking a lively pet.", "publication_date": "2023-12-09T19:22:53.934Z", "color": "Black and white spots", "size": "20", "image": "images/download_3.jpg", "status": "available", "shelter": 4}}, {"model": "petlistings.pet", "pk": 18, "fields": {"name": "Whiskey", "age": 4, "breed": "Scottish Fold Cat", "gender": "Male", "description": "Whiskey is a sophisticated Scottish Fold cat with a distinctive folded ear and a luxurious gray and white coat. Known for his calm and reserved demeanor, Whiskey enjoys lounging on comfortable surfaces and observing the world around him with a regal air. His golden eyes and unique appearance make him a charming and refined feline companion.", "publication_date": "2023-12-09T19:25:00.183Z", "color": "Gray and white", "size": "5", "image": "images/ScottishFold.jpg", "status": "available", "shelter": 4}}, {"model": "petlistings.pet", "pk": 19, "fields": {"name": "Zeus", "age": 3, "breed": "Newfoundland", "gender": "Male", "description": "Zeus is a gentle giant, a Newfoundland with a thick, water-resistant black coat and soulful brown eyes. Known for his calm and patient nature, Zeus is a natural protector and a loving family companion. Despite his large size, he's incredibly gentle with children and enjoys swimming and playing in the great outdoors.", "publication_date": "2023-12-09T19:25:44.352Z", "color": "Black", "size": "60", "image": "images/download_4.jpg", "status": "available", "shelter": 4}}, {"model": "petlistings.pet", "pk": 20, "fields": {"name": "Tofu", "age": 1, "breed": "French Bulldog", "gender": "Female", "description": "Tofu is an adorable French Bulldog with a compact build and a charming fawn-colored coat. Known for her affectionate and sociable nature, Tofu loves cuddling with her human friends and greeting everyone with her signature bat-like ears. Despite her small stature, Tofu brings big joy and a lively spirit to any household.", "publication_date": "2023-12-09T19:26:17.438Z", "color": "Fawn", "size": "8", "image": "images/download_5.jpg", "status": "available", "shelter": 4}}]